{"AZ2157":0.02111,
						"AZ2585":0.02164,
						"AZ2802":0.03848,
						"AZ3132":0.02059,
						"AZ4244":0.01824,
						"AZ4263":0.01623,
						"AZ4279":0.01876,
						"AZ4299":0.01213,
						"AZ4452":0.01701,
						"AZ4459":0.01693,
						"AZ8008":0.00785,
						"AZ8010":0.01222,
						"AZ8017":0.00925,
						"AZ8018":0.01754,
						"AZ8046":0.01544,
						"AZ8742":0.00209,
						"AZ8799":0.00497,
						"AZ8803":0.00044,
						"AZ8810":0.00096,
						"AZ9052":0.01536,
						"AZ9082":0.0096,
						"CA2111":0.109,
						"CA2142":0.05997,
						"CA3146":0.07035,
						"CA3152":0.08266,
						"CA3165":0.09566,
						"CA4244":0.12188,
						"CA4297":0.0057,
						"CA4623":0.16475,
						"CA5128":0.0439,
						"CA7198":0.17216,
						"CA8001":0.10569,
						"CA8008":0.05119,
						"CA8017":0.06488,
						"CA8018":0.10547,
						"CA8018":0.10547,
						"CA8032":0.13112,
						"CA8742":0.01231,
						"CA8742":0.01231,
						"CA8803":0.00251,
						"CA8808":0.01209,
						"CA8810":0.00969,
						"CA8822":0.01391,
						"CA8859":0.00148,
						"CA9079":0.06408,
						"CO4923":0.00835,
						"CO8018":0.02592,
						"CO8742":0.0022,
						"CO8810":0.00121,
						"CT8018":0.04231,
						"CT8742":0.00349,
						"CT8810":0.00142,
						"DC8018":0.03805,
						"DC8742":0.00139,
						"DC8810":0.00092,
						"DC8820":0.00092,
						"DC9061":0.00877,
						"DE456":0.05571,
						"DE885":0.03337,
						"DE951":0.00483,
						"DE953":0.00146,
						"FL2417":0.02073,
						"FL4244":0.02285,
						"FL4299":0.01824,
						"FL4452":0.02598,
						"FL8010":0.01575,
						"FL8017":0.01382,
						"FL8018":0.02681,
						"FL8031":0.02533,
						"FL8032":0.02395,
						"FL8046":0.02975,
						"FL8742":0.00304,
						"FL8803":0.00055,
						"FL8810":0.00147,
						"FL8820":0.00129,
						"FL9082":0.01538,
						"GA2157":0.07794,
						"GA2585":0.05487,
						"GA2802":0.06899,
						"GA2883":0.05016,
						"GA3113":0.02663,
						"GA3132":0.04764,
						"GA3629":0.02399,
						"GA4244":0.03983,
						"GA4273":0.03914,
						"GA4299":0.02617,
						"GA4307":0.02502,
						"GA4452":0.04316,
						"GA4459":0.03983,
						"GA4484":0.04718,
						"GA4693":0.01412,
						"GA8008":0.02307,
						"GA8017":0.02399,
						"GA8018":0.04661,
						"GA8021":0.04121,
						"GA8032":0.04362,
						"GA8046":0.04144,
						"GA8107":0.04454,
						"GA8742":0.00356,
						"GA8803":0.00069,
						"GA8810":0.00184,
						"GA8871":0.00115,
						"GA9082":0.02307,
						"GA9521":0.05235,
						"HI8742":0.00735,
						"IA2802":0.05359,
						"IA3685":0.01726,
						"IA4244":0.03064,
						"IA4299":0.02146,
						"IA4484":0.03682,
						"IA8018":0.03513,
						"IA8742":0.00439,
						"IA8810":0.0021,
						"ID8017":0.0157,
						"ID8018":0.0268,
						"ID8742":0.004,
						"IL4244":0.04987,
						"IL4452":0.05601,
						"IL4484":0.0483,
						"IL8017":0.02471,
						"IL8018":0.05836,
						"IL8021":0.07692,
						"IL8046":0.04785,
						"IL8742":0.00492,
						"IL8800":0.03242,
						"IL8803":0.00078,
						"IL8810":0.00179,
						"IL8871":0.00101,
						"IN2883":0.01945,
						"IN3685":0.00672,
						"IN4459":0.02051,
						"IN8017":0.01273,
						"IN8018":0.0267,
						"IN8720":0.01034,
						"IN8742":0.00221,
						"IN8810":0.00159,
						"KS3685":0.00927,
						"KS8018":0.02668,
						"KS8742":0.0021,
						"KS8810":0.00096,
						"KY2417":0.01308,
						"KY4244":0.02146,
						"KY4244":0.02146,
						"KY4299":0.02185,
						"KY8008":0.01041,
						"KY8017":0.01143,
						"KY8018":0.02515,
						"KY8742":0.00343,
						"KY8800":0.01448,
						"KY8803":0.00064,
						"KY8810":0.00165,
						"LA8018":0.02781,
						"LA8742":0.00418,
						"LA8810":0.00166,
						"MA2802":0.02945,
						"MA4299":0.01417,
						"MA8001":0.01353,
						"MA8018":0.02908,
						"MA8021":0.0277,
						"MA8742":0.00092,
						"MA8810":0.00055,
						"MD4244":0.02801,
						"MD8018":0.02737,
						"MD8742":0.00228,
						"MD8810":0.00091,
						"MD8868":0.00274,
						"ME8742":0.00376,
						"MI4244":0.02082,
						"MI8017":0.00933,
						"MI8018":0.02082,
						"MI8742":0.00157,
						"MI8810":0.00108,
						"MN4244":0.0264,
						"MN8018":0.0352,
						"MN8742":0.0029,
						"MN8810":0.0011,
						"MO4130":0.0405,
						"MO4244":0.0332,
						"MO8017":0.0171,
						"MO8018":0.0309,
						"MO8203":0.0784,
						"MO8742":0.0033,
						"MO8803":0.0006,
						"MO8810":0.0014,
						"MS4244":0.0176,
						"MS4484":0.0235,
						"MS8008":0.01,
						"MS8018":0.0202,
						"MS8046":0.0181,
						"MS8742":0.0031,
						"MS8810":0.0017,
						"MT8742":0.0044,
						"NC2883":0.0346,
						"NC3629":0.0145,
						"NC4130":0.0317,
						"NC4244":0.0213,
						"NC4273":0.0265,
						"NC4279":0.0229,
						"NC4299":0.0166,
						"NC4459":0.0255,
						"NC4484":0.0235,
						"NC8010":0.0179,
						"NC8017":0.0159,
						"NC8018":0.0292,
						"NC8720":0.0107,
						"NC8742":0.0031,
						"NC8803":0.0006,
						"NC8810":0.0013,
						"NC9101":0.0322,
						"NE8742":0.0033,
						"NE8810":0.0013,
						"NH8018":0.0287,
						"NH8742":0.0025,
						"NJ2041":0.0564,
						"NJ2070":0.0899,
						"NJ2883":0.067,
						"NJ4244":0.0377,
						"NJ4250":0.0547,
						"NJ8017":0.0378,
						"NJ8018":0.0671,
						"NJ8032":0.0443,
						"NJ8046":0.0523,
						"NJ8742":0.0046,
						"NJ8810":0.002,
						"NM8018":0.0309,
						"NM8742":0.0049,
						"NM8810":0.0024,
						"NV2883":0.0567,
						"NV8008":0.0119,
						"NV8017":0.0169,
						"NV8018":0.0352,
						"NV8032":0.0239,
						"NV8046":0.0252,
						"NV8107":0.0436,
						"NV8742":0.0088,
						"NV8810":0.003,
						"NY4244":0.0471,
						"NY8017":0.0217,
						"NY8018":0.0555,
						"NY8742":0.0044,
						"NY8810":0.002,
						"NY8868":0.0068,
						"OK8018":0.0258,
						"OK8742":0.00326,
						"OK8810":0.0017,
						"OR8018":0.0134,
						"OR8742":0.0013,
						"OR8810":0.0006,
						"PA2323":0.0975,
						"PA2461":0.0635,
						"PA2463":0.0726,
						"PA2806":0.25,
						"PA2813":0.117,
						"PA2923":0.0586,
						"PA2924":0.0908,
						"PA2953":0.0051,
						"PA2962":0.0031,
						"PA2973":0.0744,
						"PA 2107":0.0783,
						"PA 2222":0.069,
						"PA 2261":0.0814,
						"RI8017":0.0204,
						"RI8018":0.0309,
						"RI8742":0.0033,
						"RI8803":0.0005,
						"SC4244":0.0307,
						"SC8017":0.0179,
						"SC8018":0.0301,
						"SC8742":0.004,
						"SC8803":0.0008,
						"SC8810":0.002,
						"SD8018":0.0202,
						"SD8742":0.0038,
						"TN2002":0.0446,
						"TN4244":0.0222,
						"TN8001":0.0183,
						"TN8010":0.0163,
						"TN8017":0.013,
						"TN8018":0.021,
						"TN8046":0.0169,
						"TN8107":0.0296,
						"TN8742":0.0029,
						"TN8800":0.0124,
						"TN8810":0.0014,
						"TN9052":0.0149,
						"TX2802":0.0461,
						"TX2881":0.0344,
						"TX3113":0.0253,
						"TX3383":0.0117,
						"TX4244":0.0284,
						"TX4273":0.0188,
						"TX4299":0.0216,
						"TX4484":0.0253,
						"TX4693":0.0117,
						"TX8017":0.0138,
						"TX8018":0.0292,
						"TX8033":0.0214,
						"TX8034":0.0318,
						"TX8107":0.0276,
						"TX8391":0.0169,
						"TX8742":0.0023,
						"TX8754":0.0068,
						"TX8803":0.0005,
						"TX8810":0.001,
						"TX9052":0.018,
						"TX9058":0.0211,
						"TX9079":0.011,
						"UT2041":0.0235,
						"UT2070":0.0284,
						"UT2111":0.0214,
						"UT2112":0.0285,
						"UT2143":0.0182,
						"UT2157":0.0336,
						"UT2417":0.0131,
						"UT2585":0.0289,
						"UT2883":0.0237,
						"UT3064":0.0246,
						"UT3113":0.0109,
						"UT3629":0.0101,
						"UT3685":0.0066,
						"UT4243":0.016,
						"UT4244":0.017,
						"UT4263":0.0227,
						"UT4273":0.0161,
						"UT4299":0.0139,
						"UT4307":0.013,
						"UT4452":0.0194,
						"UT4484":0.0179,
						"UT4693":0.0066,
						"UT8001":0.0203,
						"UT8010":0.0154,
						"UT8013":0.0042,
						"UT8017":0.0122,
						"UT8018":0.0246,
						"UT8021":0.0276,
						"UT8032":0.0158,
						"UT8047":0.0073,
						"UT8209":0.043,
						"UT8742":0.0027,
						"UT8800":0.0121,
						"UT8810":0.0012,
						"UT8820":0.0009,